Date,Return
2011-05-02,562.6353607177734
2011-05-03,566.1585998535156
2011-05-04,564.8432312011719
2011-05-05,557.1583786010742
2011-05-06,559.1700210571289
2011-05-09,558.8928451538086
2011-05-10,563.5427093505859
2011-05-11,559.0560302734375
2011-05-12,561.0544509887695
2011-05-13,557.3997421264648
2011-05-16,551.9417419433594
2011-05-17,554.4202575683594
2011-05-18,555.0839691162109
2011-05-19,558.1699066162109
2011-05-20,554.7021942138672
2011-05-23,550.6871337890625
2011-05-24,550.7786636352539
2011-05-25,545.5528717041016
2011-05-26,547.7841415405273
2011-05-27,549.1399154663086
2011-05-31,555.0091705322266
2011-06-01,546.0491409301758
2011-06-02,544.9232635498047
2011-06-03,537.4048004150391
2011-06-06,530.7373428344727
2011-06-07,531.4215621948242
2011-06-08,538.0804061889648
2011-06-09,534.9723510742188
2011-06-10,527.4953308105469
2011-06-13,533.2604370117188
2011-06-14,534.062255859375
2011-06-15,526.8148498535156
2011-06-16,527.9489593505859
2011-06-17,530.1748428344727
2011-06-20,530.7386932373047
2011-06-21,537.5163421630859
2011-06-22,536.2187042236328
2011-06-23,539.7383499145508
2011-06-24,537.9019088745117
2011-06-27,544.386344909668
2011-06-28,547.3397064208984
2011-06-29,548.946044921875
2011-06-30,555.8297348022461
2011-07-01,564.9428558349609
2011-07-05,566.7154388427734
2011-07-06,569.9671478271484
2011-07-07,569.7608489990234
2011-07-08,571.1511764526367
2011-07-11,565.1102142333984
2011-07-12,564.6625061035156
2011-07-13,563.7815856933594
2011-07-14,562.9476013183594
2011-07-15,563.9347381591797
2011-07-18,564.7035675048828
2011-07-19,568.8022155761719
2011-07-20,575.9112701416016
2011-07-21,579.0977096557617
2011-07-22,569.8888931274414
2011-07-25,564.4727935791016
2011-07-26,566.4536895751953
2011-07-27,562.8894119262695
2011-07-28,555.6175842285156
2011-07-29,550.5235061645508
2011-08-01,559.53515625
2011-08-02,552.7122573852539
2011-08-03,559.7939834594727
2011-08-04,542.5324935913086
2011-08-05,543.2836074829102
2011-08-08,513.4083709716797
2011-08-09,533.5932693481445
2011-08-10,522.941047668457
2011-08-11,537.7663421630859
2011-08-12,534.4554824829102
2011-08-15,545.6929779052734
2011-08-16,542.7829360961914
2011-08-17,552.173210144043
2011-08-18,541.6782989501953
2011-08-19,534.5765914916992
2011-08-22,536.093994140625
2011-08-23,554.9965286254883
2011-08-24,562.1988296508789
2011-08-25,552.5796966552734
2011-08-26,554.8774719238281
2011-08-29,561.3432159423828
2011-08-30,563.5371704101562
2011-08-31,560.4646377563477
2011-09-01,555.7950668334961
2011-09-02,549.9567337036133
2011-09-06,546.9789810180664
2011-09-07,553.1608276367188
2011-09-08,550.1220626831055
2011-09-09,546.6803207397461
2011-09-12,547.4145660400391
2011-09-13,551.7854385375977
2011-09-14,554.2248153686523
2011-09-15,562.7230911254883
2011-09-16,571.4032897949219
2011-09-19,568.4766387939453
2011-09-20,570.5984573364258
2011-09-21,562.9362640380859
2011-09-22,557.1772689819336
2011-09-23,561.5219345092773
2011-09-26,567.4246978759766
2011-09-27,573.2872467041016
2011-09-28,572.0896148681641
2011-09-29,574.4965972900391
2011-09-30,567.7131958007812
2011-10-03,560.1359634399414
2011-10-04,560.3916854858398
2011-10-05,560.1096572875977
2011-10-06,561.7209930419922
2011-10-07,563.1220245361328
2011-10-10,577.4619674682617
2011-10-11,575.0647735595703
2011-10-12,577.7518997192383
2011-10-13,583.8571472167969
2011-10-14,591.2443161010742
2011-10-17,585.6575012207031
2011-10-18,590.1282653808594
2011-10-19,581.8347854614258
2011-10-20,581.6728897094727
2011-10-21,585.2504272460938
2011-10-24,582.027587890625
2011-10-25,570.3971481323242
2011-10-26,579.1884918212891
2011-10-27,591.2928695678711
2011-10-28,590.9651031494141
2011-10-31,582.4367218017578
2011-11-01,573.7427368164062
2011-11-02,578.2729568481445
2011-11-03,588.1522979736328
2011-11-04,583.8000411987305
2011-11-07,585.8941802978516
2011-11-08,589.8439712524414
2011-11-09,578.9236297607422
2011-11-10,582.192626953125
2011-11-11,584.5256500244141
2011-11-14,576.417350769043
2011-11-15,581.9059219360352
2011-11-16,573.2036666870117
2011-11-17,572.0451965332031
2011-11-18,568.3038177490234
2011-11-21,561.7524719238281
2011-11-22,565.1649932861328
2011-11-23,551.8547668457031
2011-11-25,551.0131149291992
2011-11-28,565.8523101806641
2011-11-29,570.095100402832
2011-11-30,586.671875
2011-12-01,588.6042098999023
2011-12-02,590.0844421386719
2011-12-05,593.5103149414062
2011-12-06,596.5285263061523
2011-12-07,595.9402694702148
2011-12-08,589.7982940673828
2011-12-09,598.6218490600586
2011-12-12,597.139045715332
2011-12-13,595.2183532714844
2011-12-14,593.0969390869141
2011-12-15,594.8783187866211
2011-12-16,600.0904769897461
2011-12-19,598.4249572753906
2011-12-20,609.3789978027344
2011-12-21,609.7631912231445
2011-12-22,611.0633239746094
2011-12-23,621.2484817504883
2011-12-27,622.1664962768555
2011-12-28,618.2063980102539
2011-12-29,622.6030502319336
2011-12-30,623.4873809814453
2012-01-03,619.9289093017578
2012-01-04,613.6833724975586
2012-01-05,611.287956237793
2012-01-06,610.9084243774414
2012-01-09,611.2726058959961
2012-01-10,614.2894439697266
2012-01-11,618.4842910766602
2012-01-12,618.463264465332
2012-01-13,618.0744323730469
2012-01-17,620.600227355957
2012-01-18,621.553596496582
2012-01-19,621.0865478515625
2012-01-20,618.8562545776367
2012-01-23,613.067253112793
2012-01-24,603.2766342163086
2012-01-25,608.4142074584961
2012-01-26,603.285530090332
2012-01-27,602.2182540893555
2012-01-30,608.9191589355469
2012-01-31,610.4341506958008
2012-02-01,612.2144775390625
2012-02-02,608.7768402099609
2012-02-03,613.6024475097656
2012-02-06,618.6259613037109
2012-02-07,616.9122848510742
2012-02-08,618.8441848754883
2012-02-09,622.9024505615234
2012-02-10,619.9220199584961
2012-02-13,628.0007781982422
2012-02-14,628.498649597168
2012-02-15,622.8197021484375
2012-02-16,626.8466949462891
2012-02-17,632.2471313476562
2012-02-21,635.7770538330078
2012-02-22,631.628173828125
2012-02-23,631.3944931030273
2012-02-24,633.0082397460938
2012-02-27,633.7005081176758
2012-02-28,636.3399505615234
2012-02-29,637.5410003662109
2012-03-01,642.2728729248047
2012-03-02,645.6219711303711
2012-03-05,647.0283432006836
2012-03-06,642.2145462036133
2012-03-07,644.7010192871094
2012-03-08,652.1112060546875
2012-03-09,651.3065567016602
2012-03-12,655.8971633911133
2012-03-13,661.9757614135742
2012-03-14,667.1298980712891
2012-03-15,667.0663146972656
2012-03-16,667.4655075073242
2012-03-19,672.3455047607422
2012-03-20,673.2770690917969
2012-03-21,674.4096221923828
2012-03-22,672.0445709228516
2012-03-23,668.0607070922852
2012-03-26,669.5604400634766
2012-03-27,662.5447006225586
2012-03-28,658.0268859863281
2012-03-29,653.6041717529297
2012-03-30,653.1832733154297
2012-04-02,661.7143478393555
2012-04-03,663.551513671875
2012-04-04,661.3927688598633
2012-04-05,660.6167068481445
2012-04-09,658.5640258789062
2012-04-10,647.8025817871094
2012-04-11,655.0236129760742
2012-04-12,656.4574890136719
2012-04-13,648.2547378540039
2012-04-16,644.3557434082031
2012-04-17,655.7871246337891
2012-04-18,654.3804702758789
2012-04-19,655.8030090332031
2012-04-20,660.0167236328125
2012-04-23,657.5576400756836
2012-04-24,667.2097396850586
2012-04-25,679.1779251098633
2012-04-26,687.4562377929688
2012-04-27,687.5056686401367
2012-04-30,684.834846496582
2012-05-01,686.791633605957
2012-05-02,688.2752304077148
2012-05-03,687.7874145507812
2012-05-04,678.617431640625
2012-05-07,683.2764205932617
2012-05-08,683.2245178222656
2012-05-09,679.4505844116211
2012-05-10,683.8004150390625
2012-05-11,691.0370864868164
2012-05-14,685.3295974731445
2012-05-15,686.2307434082031
2012-05-16,682.2078552246094
2012-05-17,684.8460311889648
2012-05-18,687.0542221069336
2012-05-21,692.1128463745117
2012-05-22,691.7221603393555
2012-05-23,693.5926284790039
2012-05-24,693.7771072387695
2012-05-25,693.8354339599609
2012-05-29,700.3115615844727
2012-05-30,697.5877227783203
2012-05-31,700.1813659667969
2012-06-01,687.8871765136719
2012-06-04,692.853645324707
2012-06-05,690.6181182861328
2012-06-06,700.3804702758789
2012-06-07,698.7022705078125
2012-06-08,711.5392303466797
2012-06-11,710.8956604003906
2012-06-12,717.215934753418
2012-06-13,716.9014739990234
2012-06-14,726.9309844970703
2012-06-15,724.8906478881836
2012-06-18,731.3758697509766
2012-06-19,730.571044921875
2012-06-20,724.397590637207
2012-06-21,722.8137969970703
2012-06-22,732.2121887207031
2012-06-25,725.4039077758789
2012-06-26,728.2599563598633
2012-06-27,728.0637130737305
2012-06-28,729.2685470581055
2012-06-29,739.2460327148438
2012-07-02,747.9091796875
2012-07-03,749.8728942871094
2012-07-05,751.6602630615234
2012-07-06,751.0676345825195
2012-07-09,757.375602722168
2012-07-10,755.4355850219727
2012-07-11,757.2157211303711
2012-07-12,752.7378463745117
2012-07-13,761.5495147705078
2012-07-16,762.83984375
2012-07-17,768.1323623657227
2012-07-18,771.0819549560547
2012-07-19,754.7709655761719
2012-07-20,751.6275863647461
2012-07-23,749.6144409179688
2012-07-24,741.0386123657227
2012-07-25,733.9744873046875
2012-07-26,743.980598449707
2012-07-27,752.4733200073242
2012-07-30,755.5797653198242
2012-07-31,762.0258407592773
2012-08-01,762.0022888183594
2012-08-02,754.2480926513672
2012-08-03,754.0265579223633
2012-08-06,758.8292007446289
2012-08-07,755.4442672729492
2012-08-08,751.2559509277344
2012-08-09,754.2941970825195
2012-08-10,758.0571823120117
2012-08-13,755.6367340087891
2012-08-14,756.8674926757812
2012-08-15,754.7576293945312
2012-08-16,755.1709442138672
2012-08-17,757.2668914794922
2012-08-20,756.6000289916992
2012-08-21,743.3764801025391
2012-08-22,742.8837356567383
2012-08-23,736.3273620605469
2012-08-24,748.9404067993164
2012-08-27,746.4641418457031
2012-08-28,745.0271987915039
2012-08-29,750.3899841308594
2012-08-30,743.6807327270508
2012-08-31,746.3231048583984
2012-09-04,759.0271987915039
2012-09-05,759.2107238769531
2012-09-06,765.4466400146484
2012-09-07,760.6500701904297
2012-09-10,760.8829193115234
2012-09-11,762.7907867431641
2012-09-12,773.8730697631836
2012-09-13,786.4836959838867
2012-09-14,774.3059387207031
2012-09-17,777.0844497680664
2012-09-18,782.0829238891602
2012-09-19,787.0083312988281
2012-09-20,789.1494064331055
2012-09-21,791.5255813598633
2012-09-24,789.7692108154297
2012-09-25,784.6926345825195
2012-09-26,782.2197341918945
2012-09-27,788.5124816894531
2012-09-28,782.4231109619141
2012-10-01,783.770133972168
2012-10-02,784.9219589233398
2012-10-03,793.1198806762695
2012-10-04,805.2511444091797
2012-10-05,805.9178466796875
2012-10-08,795.777473449707
2012-10-09,788.9015121459961
2012-10-10,785.6309661865234
2012-10-11,774.5183029174805
2012-10-12,766.9697570800781
2012-10-15,766.5739898681641
2012-10-16,764.5343780517578
2012-10-17,772.0226669311523
2012-10-18,783.5869445800781
2012-10-19,769.4572677612305
2012-10-22,770.0925979614258
2012-10-23,755.3933639526367
2012-10-24,758.4428558349609
2012-10-25,756.9152755737305
2012-10-26,762.122428894043
2012-10-31,758.7438812255859
2012-11-01,765.8959503173828
2012-11-02,752.5225677490234
2012-11-05,750.0711822509766
2012-11-06,751.0036010742188
2012-11-07,730.2836761474609
2012-11-08,717.3091888427734
2012-11-09,720.0318450927734
2012-11-12,717.8857040405273
2012-11-13,717.6290817260742
2012-11-14,712.0239486694336
2012-11-15,701.8298950195312
2012-11-16,698.2310256958008
2012-11-19,726.9968185424805
2012-11-20,725.9368438720703
2012-11-21,730.7913360595703
2012-11-23,741.4449768066406
2012-11-26,739.619270324707
2012-11-27,734.0556411743164
2012-11-28,741.5451889038086
2012-11-29,749.3045349121094
2012-11-30,749.7987213134766
2012-12-03,749.7505950927734
2012-12-04,741.2918548583984
2012-12-05,737.9816284179688
2012-12-06,744.8751068115234
2012-12-07,740.8534622192383
2012-12-10,734.7955093383789
2012-12-11,743.2855377197266
2012-12-12,747.4874877929688
2012-12-13,741.4768218994141
2012-12-14,732.2883453369141
2012-12-17,733.2998962402344
2012-12-18,733.6163711547852
2012-12-19,725.0184860229492
2012-12-20,729.772575378418
2012-12-21,725.8886795043945
2012-12-24,725.6862411499023
2012-12-26,722.6728973388672
2012-12-27,723.5953063964844
2012-12-28,714.2905426025391
2012-12-31,724.9663619995117
2013-01-02,742.8534240722656
2013-01-03,738.2556686401367
2013-01-04,737.7946014404297
2013-01-07,742.368278503418
2013-01-08,727.8181228637695
2013-01-09,724.3936614990234
2013-01-10,734.1631469726562
2013-01-11,729.3463287353516
2013-01-14,714.8996047973633
2013-01-15,702.3758087158203
2013-01-16,701.0078430175781
2013-01-17,708.7545928955078
2013-01-18,713.7722244262695
2013-01-22,720.5007705688477
2013-01-23,720.7156829833984
2013-01-24,702.1747894287109
2013-01-25,700.6469955444336
2013-01-28,704.5033340454102
2013-01-29,716.7170104980469
2013-01-30,717.8843460083008
2013-01-31,717.5516586303711
2013-02-01,730.2547378540039
2013-02-04,726.8947830200195
2013-02-05,731.3025436401367
2013-02-06,733.8141632080078
2013-02-07,733.1713714599609
2013-02-08,733.3347091674805
2013-02-11,734.1551208496094
2013-02-12,732.8140640258789
2013-02-13,733.7007904052734
2013-02-14,730.9623336791992
2013-02-15,730.3267288208008
2013-02-19,731.6704711914062
2013-02-20,734.7096099853516
2013-02-21,736.7851409912109
2013-02-22,741.8523254394531
2013-02-25,744.2873687744141
2013-02-26,751.3722839355469
2013-02-27,753.4612121582031
2013-02-28,755.1647109985352
2013-03-01,755.0684280395508
2013-03-04,757.8718185424805
2013-03-05,768.6803512573242
2013-03-06,761.6291809082031
2013-03-07,765.6299591064453
2013-03-08,772.5676422119141
2013-03-11,772.0245819091797
2013-03-12,777.2902145385742
2013-03-13,771.4489440917969
2013-03-14,779.9698028564453
2013-03-15,776.3811111450195
2013-03-18,789.51123046875
2013-03-19,791.97607421875
2013-03-20,786.5231246948242
2013-03-21,789.4573516845703
2013-03-22,794.7995681762695
2013-03-25,797.1570816040039
2013-03-26,800.9830703735352
2013-03-27,791.2358779907227
2013-03-28,791.7940521240234
2013-04-01,789.3302536010742
2013-04-02,793.431022644043
2013-04-03,786.9115600585938
2013-04-04,790.1419143676758
2013-04-05,792.6166305541992
2013-04-08,798.7610092163086
2013-04-09,797.9729995727539
2013-04-10,807.1510009765625
2013-04-11,815.9153671264648
2013-04-12,819.6861953735352
2013-04-15,814.1198196411133
2013-04-16,813.1946258544922
2013-04-17,794.4551315307617
2013-04-18,810.9589385986328
2013-04-19,829.3476638793945
2013-04-22,830.5398025512695
2013-04-23,834.2238998413086
2013-04-24,826.7733306884766
2013-04-25,847.3913192749023
2013-04-26,855.3364334106445
2013-04-29,856.1818923950195
2013-04-30,865.6463470458984
2013-05-01,843.6253128051758
2013-05-02,847.0022354125977
2013-05-03,850.216911315918
2013-05-06,844.0728530883789
2013-05-07,855.7461318969727
2013-05-08,859.7009124755859
2013-05-09,853.0877380371094
2013-05-10,854.6537475585938
2013-05-13,850.3366470336914
2013-05-14,856.2852401733398
2013-05-15,858.5346069335938
2013-05-16,854.3725967407227
2013-05-17,856.1417846679688
2013-05-20,850.0288772583008
2013-05-21,839.8229217529297
2013-05-22,831.8439025878906
2013-05-23,837.9252166748047
2013-05-24,831.678825378418
2013-05-28,822.7626647949219
2013-05-29,806.1372146606445
2013-05-30,800.9411087036133
2013-05-31,792.0721206665039
2013-06-03,794.8423538208008
2013-06-04,797.009033203125
2013-06-05,788.390007019043
2013-06-06,810.1084060668945
2013-06-07,814.7322158813477
2013-06-10,818.0596618652344
2013-06-11,812.8334884643555
2013-06-12,807.5515899658203
2013-06-13,818.8637237548828
2013-06-14,823.4007263183594
2013-06-17,818.8488082885742
2013-06-18,830.5562896728516
2013-06-19,807.3422317504883
2013-06-20,790.5271606445312
2013-06-21,797.5310668945312
2013-06-24,789.1732788085938
2013-06-25,807.6839218139648
2013-06-26,809.6188735961914
2013-06-27,813.3025817871094
2013-06-28,804.7497406005859
2013-07-01,808.219970703125
2013-07-02,814.3319320678711
2013-07-03,820.2350616455078
2013-07-05,823.4473266601562
2013-07-08,828.2982330322266
2013-07-09,827.1625061035156
2013-07-10,820.8129959106445
2013-07-11,831.9412689208984
2013-07-12,820.4267578125
2013-07-15,814.2938919067383
2013-07-16,819.515007019043
2013-07-17,826.0510330200195
2013-07-18,815.5215682983398
2013-07-19,813.5266494750977
2013-07-22,818.3957214355469
2013-07-23,817.8287582397461
2013-07-24,823.5216979980469
2013-07-25,827.6853637695312
2013-07-26,832.6973114013672
2013-07-29,841.0563659667969
2013-07-30,827.3079605102539
2013-07-31,813.8102416992188
2013-08-01,822.3518371582031
2013-08-02,827.2207565307617
2013-08-05,828.3918304443359
2013-08-06,825.6380920410156
2013-08-07,823.306526184082
2013-08-08,818.6877593994141
2013-08-09,812.783447265625
2013-08-12,820.7191696166992
2013-08-13,819.2654037475586
2013-08-14,817.8465805053711
2013-08-15,812.7454376220703
2013-08-16,802.1209716796875
2013-08-19,800.5188446044922
2013-08-20,804.6315536499023
2013-08-21,795.9032211303711
2013-08-22,792.5182495117188
2013-08-23,800.3746871948242
2013-08-26,791.3888397216797
2013-08-27,787.8912811279297
2013-08-28,782.9582290649414
2013-08-29,800.9873657226562
2013-08-30,793.62841796875
2013-09-03,774.5897598266602
2013-09-04,788.0420227050781
2013-09-05,785.1958160400391
2013-09-06,781.6979064941406
2013-09-09,777.6259765625
2013-09-10,782.6313629150391
2013-09-11,776.5243377685547
2013-09-12,789.5272216796875
2013-09-13,793.3568267822266
2013-09-16,797.2568130493164
2013-09-17,802.3923492431641
2013-09-18,806.8832244873047
2013-09-19,805.8401794433594
2013-09-20,794.2749404907227
2013-09-23,802.9826736450195
2013-09-24,792.5477752685547
2013-09-25,786.1047439575195
2013-09-26,797.4783630371094
2013-09-27,787.1208419799805
2013-09-30,780.9337158203125
2013-10-01,788.297981262207
2013-10-02,785.8733139038086
2013-10-03,787.4295043945312
2013-10-04,788.6066207885742
2013-10-07,792.4894027709961
2013-10-08,780.6069564819336
2013-10-09,784.1829071044922
2013-10-10,794.3982315063477
2013-10-11,798.4915008544922
2013-10-14,795.3025207519531
2013-10-15,788.9595108032227
2013-10-16,802.8809585571289
2013-10-17,827.3481521606445
2013-10-18,844.3413238525391
2013-10-21,855.6527099609375
2013-10-22,863.2884216308594
2013-10-23,859.9976806640625
2013-10-24,856.0330047607422
2013-10-25,858.6768646240234
2013-10-28,857.6654815673828
2013-10-29,861.7657928466797
2013-10-30,855.8330078125
2013-10-31,854.9901123046875
2013-11-01,854.0284423828125
2013-11-04,864.1708526611328
2013-11-05,849.8194580078125
2013-11-06,856.7401885986328
2013-11-07,848.2986450195312
2013-11-08,850.7821807861328
2013-11-11,846.9637298583984
2013-11-12,850.0698394775391
2013-11-13,847.7952423095703
2013-11-14,853.7181549072266
2013-11-15,853.4838256835938
2013-11-18,858.3037261962891
2013-11-19,858.8240661621094
2013-11-20,852.2284851074219
2013-11-21,853.5052490234375
2013-11-22,850.8748168945312
2013-11-25,848.8729095458984
2013-11-26,851.9040069580078
2013-11-27,853.3837127685547
2013-11-29,851.5213623046875
2013-12-02,845.1385192871094
2013-12-03,853.8439483642578
2013-12-04,850.2172088623047
2013-12-05,844.3734436035156
2013-12-06,850.5235900878906
2013-12-09,853.44287109375
2013-12-10,845.7785797119141
2013-12-11,836.6991577148438
2013-12-12,831.3394775390625
2013-12-13,825.6349945068359
2013-12-16,832.4258575439453
2013-12-17,821.7711029052734
2013-12-18,833.7177276611328
2013-12-19,831.5390777587891
2013-12-20,827.6919555664062
2013-12-23,840.2091217041016
2013-12-24,845.3163757324219
2013-12-26,847.2186279296875
2013-12-27,846.1059112548828
2013-12-30,844.4018707275391
2013-12-31,845.913330078125
2014-01-02,841.9015655517578
2014-01-03,830.5104217529297
2014-01-06,835.1246643066406
2014-01-07,842.8625793457031
2014-01-08,839.8278198242188
2014-01-09,823.5974273681641
2014-01-10,826.3022155761719
2014-01-13,816.5983734130859
2014-01-14,820.0348205566406
2014-01-15,840.0391387939453
2014-01-16,843.0079650878906
2014-01-17,836.9481048583984
2014-01-21,829.6845550537109
2014-01-22,824.9540557861328
2014-01-23,833.8084106445312
2014-01-24,827.9084930419922
2014-01-27,829.9039459228516
2014-01-28,813.9317474365234
2014-01-29,817.2412338256836
2014-01-30,816.1264190673828
2014-01-31,821.9759826660156
2014-02-03,798.9257888793945
2014-02-04,806.7039947509766
2014-02-05,805.7908020019531
2014-02-06,806.4065551757812
2014-02-07,810.1228637695312
2014-02-10,813.9530944824219
2014-02-11,820.0770263671875
2014-02-12,822.3806762695312
2014-02-13,823.6920471191406
2014-02-14,812.0082092285156
2014-02-18,804.8546295166016
2014-02-19,810.6024475097656
2014-02-20,832.0075073242188
2014-02-21,818.2025146484375
2014-02-24,803.7486419677734
2014-02-25,803.2108001708984
2014-02-26,802.8726806640625
2014-02-27,822.1488189697266
2014-02-28,822.9397125244141
2014-03-03,819.4237365722656
2014-03-04,828.8485870361328
2014-03-05,821.6140594482422
2014-03-06,822.3590240478516
2014-03-07,817.7958526611328
2014-03-10,816.1829986572266
2014-03-11,812.7337341308594
2014-03-12,807.948974609375
2014-03-13,801.6498870849609
2014-03-14,800.8471374511719
2014-03-17,804.6987152099609
2014-03-18,811.5328674316406
2014-03-19,806.5791320800781
2014-03-20,818.2181091308594
2014-03-21,814.9466094970703
2014-03-24,818.0110931396484
2014-03-25,822.5337524414062
2014-03-26,818.1621246337891
2014-03-27,827.4037628173828
2014-03-28,823.3448638916016
2014-03-31,825.4836730957031
2014-04-01,829.3443908691406
2014-04-02,830.5872802734375
2014-04-03,833.9637451171875
2014-04-04,831.0219116210938
2014-04-07,830.0410461425781
2014-04-08,839.10107421875
2014-04-09,837.4986267089844
2014-04-10,828.2887420654297
2014-04-11,821.4475860595703
2014-04-14,824.9027099609375
2014-04-15,818.8313903808594
2014-04-16,821.73291015625
2014-04-17,830.5637512207031
2014-04-21,837.7162628173828
2014-04-22,836.9745178222656
2014-04-23,828.0287017822266
2014-04-24,822.225341796875
2014-04-25,818.3203277587891
2014-04-28,833.6444549560547
2014-04-29,835.6802062988281
2014-04-30,834.5214385986328
2014-05-01,842.0438079833984
2014-05-02,840.8628692626953
2014-05-05,846.9573974609375
2014-05-06,846.4504089355469
2014-05-07,855.1317291259766
2014-05-08,860.5647888183594
2014-05-09,859.787841796875
2014-05-12,856.9848022460938
2014-05-13,852.6903381347656
2014-05-14,855.058837890625
2014-05-15,853.0271759033203
2014-05-16,871.4984893798828
2014-05-19,874.4915771484375
2014-05-20,867.2101287841797
2014-05-21,875.2271575927734
2014-05-22,879.5691223144531
2014-05-23,885.5770111083984
2014-05-27,886.7827453613281
2014-05-28,888.1209564208984
2014-05-29,890.7557067871094
2014-05-30,893.6529846191406
2014-06-02,893.8491821289062
2014-06-03,885.0230255126953
2014-06-04,884.8500061035156
2014-06-05,887.4025726318359
2014-06-06,888.9919281005859
2014-06-09,893.845458984375
2014-06-10,894.1054077148438
2014-06-11,891.2089996337891
2014-06-12,883.5528411865234
2014-06-13,883.7801055908203
2014-06-16,887.3395233154297
2014-06-17,885.6605224609375
2014-06-18,888.9120788574219
2014-06-19,889.0664825439453
2014-06-20,886.1842956542969
2014-06-23,891.0128479003906
2014-06-24,883.4399871826172
2014-06-25,885.4856414794922
2014-06-26,883.5337982177734
2014-06-27,887.0888977050781
2014-06-30,883.0975494384766
2014-07-01,890.59619140625
2014-07-02,894.7651824951172
2014-07-03,896.4877319335938
2014-07-07,900.5693664550781
2014-07-08,892.6518859863281
2014-07-09,894.7936706542969
2014-07-10,905.1019592285156
2014-07-11,915.4784240722656
2014-07-14,920.7995758056641
2014-07-15,921.4236602783203
2014-07-16,924.1461944580078
2014-07-17,911.639404296875
2014-07-18,920.4109649658203
2014-07-21,918.7887725830078
2014-07-22,924.3336944580078
2014-07-23,927.7507934570312
2014-07-24,929.5317077636719
2014-07-25,934.0853576660156
2014-07-28,940.9534149169922
2014-07-29,945.5649566650391
2014-07-30,942.0461883544922
2014-07-31,917.6414947509766
2014-08-01,909.8752288818359
2014-08-04,914.5191497802734
2014-08-05,905.5416412353516
2014-08-06,897.4184112548828
2014-08-07,890.3048248291016
2014-08-08,891.5148468017578
2014-08-11,893.3354187011719
2014-08-12,895.8123626708984
2014-08-13,899.2950592041016
2014-08-14,900.9485778808594
2014-08-15,898.8619384765625
2014-08-18,900.7035675048828
2014-08-19,902.0024566650391
2014-08-20,903.8489379882812
2014-08-21,904.6060638427734
2014-08-22,902.5465087890625
2014-08-25,910.4840240478516
2014-08-26,910.7847137451172
2014-08-27,915.6918487548828
2014-08-28,915.6134948730469
2014-08-29,922.1273651123047
2014-09-02,922.8371887207031
2014-09-03,916.5658416748047
2014-09-04,912.7155456542969
2014-09-05,917.5070953369141
2014-09-08,910.3413848876953
2014-09-09,900.3583374023438
2014-09-10,903.5928649902344
2014-09-11,908.2153472900391
2014-09-12,899.614501953125
2014-09-15,901.92529296875
2014-09-16,906.4435882568359
2014-09-17,911.4433898925781
2014-09-18,918.9194793701172
2014-09-19,927.1725311279297
2014-09-22,924.8405914306641
2014-09-23,923.7111053466797
2014-09-24,924.4644622802734
2014-09-25,910.6365356445312
2014-09-26,918.2182922363281
2014-09-29,916.7633056640625
2014-09-30,921.4703979492188
2014-10-01,910.3484344482422
2014-10-02,909.5830383300781
2014-10-03,915.2844085693359
2014-10-06,920.7543029785156
2014-10-07,913.2652282714844
2014-10-08,928.0398101806641
2014-10-09,914.38720703125
2014-10-10,914.0115051269531
2014-10-13,903.8244781494141
2014-10-14,899.6624755859375
2014-10-15,892.9863433837891
2014-10-16,886.9306030273438
2014-10-17,895.4640502929688
2014-10-20,905.3783416748047
2014-10-21,913.4261932373047
2014-10-22,908.6879119873047
2014-10-23,910.6753387451172
2014-10-24,919.6032409667969
2014-10-27,929.1201324462891
2014-10-28,940.1445770263672
2014-10-29,939.2882385253906
2014-10-30,939.6824798583984
2014-10-31,946.7616424560547
2014-11-03,951.3903961181641
2014-11-04,949.04443359375
2014-11-05,949.6650085449219
2014-11-06,949.3318481445312
2014-11-07,958.5658569335938
2014-11-10,956.1454315185547
2014-11-11,956.0836791992188
2014-11-12,962.0427856445312
2014-11-13,970.5791168212891
2014-11-14,977.5376129150391
2014-11-17,975.6969299316406
2014-11-18,975.6988677978516
2014-11-19,963.3315124511719
2014-11-20,961.8304901123047
2014-11-21,962.4205932617188
2014-11-24,955.7369995117188
2014-11-25,951.4715423583984
2014-11-26,964.4820861816406
2014-11-28,972.5759582519531
2014-12-01,957.1829528808594
2014-12-02,942.6303253173828
2014-12-03,940.2120513916016
2014-12-04,939.2621765136719
2014-12-05,935.82958984375
2014-12-08,935.4347381591797
2014-12-09,908.9663848876953
2014-12-10,893.9572448730469
2014-12-11,896.047607421875
2014-12-12,880.9499816894531
2014-12-15,875.8293151855469
2014-12-16,874.7813720703125
2014-12-17,893.2228851318359
2014-12-18,908.2352294921875
2014-12-19,906.2043151855469
2014-12-22,915.6390380859375
2014-12-23,917.302978515625
2014-12-24,916.3387756347656
2014-12-26,922.7810516357422
2014-12-29,918.0016326904297
2014-12-30,912.1846313476562
2014-12-31,900.0699615478516
2015-01-02,900.8505859375
2015-01-05,889.4177856445312
2015-01-06,896.4614105224609
2015-01-07,894.6344451904297
2015-01-08,917.1397705078125
2015-01-09,911.00537109375
2015-01-12,910.8246154785156
2015-01-13,914.1016998291016
2015-01-14,910.1613464355469
2015-01-15,906.70654296875
2015-01-16,918.6576080322266
2015-01-20,926.4976959228516
2015-01-21,929.0664672851562
2015-01-22,927.4449310302734
2015-01-23,918.6687622070312
2015-01-26,916.0133209228516
2015-01-27,899.5832366943359
2015-01-28,906.2701263427734
2015-01-29,913.7085266113281
2015-01-30,904.4931335449219
2015-02-02,926.3758087158203
2015-02-03,939.2685089111328
2015-02-04,940.4702453613281
2015-02-05,942.9300689697266
2015-02-06,963.3190002441406
2015-02-09,961.1316986083984
2015-02-10,971.6847534179688
2015-02-11,981.4458465576172
2015-02-12,979.9452362060547
2015-02-13,977.9014129638672
2015-02-17,977.304931640625
2015-02-18,975.3004302978516
2015-02-19,974.3535308837891
2015-02-20,977.1787567138672
2015-02-23,980.5460662841797
2015-02-24,985.83642578125
2015-02-25,979.3607025146484
2015-02-26,984.908935546875
2015-02-27,982.5392761230469
2015-03-02,983.9920806884766
2015-03-03,985.6953430175781
2015-03-04,976.9377899169922
2015-03-05,970.7787933349609
2015-03-06,961.5972900390625
2015-03-09,961.6759185791016
2015-03-10,945.9827575683594
2015-03-11,944.4081878662109
2015-03-12,964.3254547119141
2015-03-13,964.4186248779297
2015-03-16,973.4059753417969
2015-03-17,972.3833312988281
2015-03-18,983.9186096191406
2015-03-19,978.5171051025391
2015-03-20,979.5273590087891
2015-03-23,983.1299743652344
2015-03-24,978.7017059326172
2015-03-25,962.3712615966797
2015-03-26,959.25341796875
2015-03-27,959.5626068115234
2015-03-30,973.7308502197266
2015-03-31,962.7765960693359
2015-04-01,966.8338165283203
2015-04-02,977.1067962646484
2015-04-06,983.234130859375
2015-04-07,975.3419647216797
2015-04-08,980.8646240234375
2015-04-09,980.7824401855469
2015-04-10,984.9807891845703
2015-04-13,981.7708892822266
2015-04-14,982.9079132080078
2015-04-15,986.9964447021484
2015-04-16,984.0467224121094
2015-04-17,975.7942657470703
2015-04-20,988.3412170410156
2015-04-21,983.8690032958984
2015-04-22,993.1101989746094
2015-04-23,1002.3697052001953
2015-04-24,1003.1778411865234
2015-04-27,1008.2714233398438
2015-04-28,1011.6431274414062
2015-04-29,1006.9129638671875
2015-04-30,1000.0799102783203
2015-05-01,1006.5612335205078
2015-05-04,1007.787109375
2015-05-05,995.9136505126953
2015-05-06,987.5877685546875
2015-05-07,990.376708984375
2015-05-08,1000.9761047363281
2015-05-11,993.3913269042969
2015-05-12,989.8126831054688
2015-05-13,991.7521667480469
2015-05-14,1000.8149871826172
2015-05-15,997.7316741943359
2015-05-18,997.4296875
2015-05-19,996.4447326660156
2015-05-20,998.5678558349609
2015-05-21,1004.2191925048828
2015-05-22,1001.8924865722656
2015-05-26,993.6310729980469
2015-05-27,1000.3636627197266
2015-05-28,999.4278564453125
2015-05-29,995.1472930908203
2015-06-01,992.2593231201172
2015-06-02,989.971923828125
2015-06-03,989.3475341796875
2015-06-04,972.9641723632812
2015-06-05,958.3545227050781
2015-06-08,960.0077819824219
2015-06-09,957.7814025878906
2015-06-10,962.4475555419922
2015-06-11,966.3512725830078
2015-06-12,955.9461822509766
2015-06-15,951.6638793945312
2015-06-16,959.3353576660156
2015-06-17,956.4905700683594
2015-06-18,965.2022552490234
2015-06-19,958.1129302978516
2015-06-22,961.0361785888672
2015-06-23,963.6433563232422
2015-06-24,958.2821807861328
2015-06-25,959.4575958251953
2015-06-26,960.8353118896484
2015-06-29,943.7628173828125
2015-06-30,942.9659423828125
2015-07-01,951.0770263671875
2015-07-02,953.8427429199219
2015-07-06,950.5884552001953
2015-07-07,953.2318878173828
2015-07-08,945.6529541015625
2015-07-09,936.1154632568359
2015-07-10,953.4547576904297
2015-07-13,960.9146881103516
2015-07-14,964.0731506347656
2015-07-15,965.0542755126953
2015-07-16,975.8915252685547
2015-07-17,974.212890625
2015-07-20,986.5989990234375
2015-07-21,966.6905822753906
2015-07-22,948.5012969970703
2015-07-23,946.8434143066406
2015-07-24,940.8356475830078
2015-07-27,934.4128875732422
2015-07-28,936.4600982666016
2015-07-29,946.1136932373047
2015-07-30,946.678955078125
2015-07-31,946.5735778808594
2015-08-03,944.1141357421875
2015-08-04,932.5021820068359
2015-08-05,933.4316711425781
2015-08-06,933.7375183105469
2015-08-07,930.2775421142578
2015-08-10,951.4788818359375
2015-08-11,945.7274932861328
2015-08-12,952.8204803466797
2015-08-13,949.7144927978516
2015-08-14,948.5757293701172
2015-08-17,951.2508392333984
2015-08-18,949.1063842773438
2015-08-19,946.0516204833984
2015-08-20,933.0377655029297
2015-08-21,908.2732238769531
2015-08-24,882.3624420166016
2015-08-25,864.3146362304688
2015-08-26,900.9662475585938
2015-08-27,922.8565979003906
2015-08-28,921.6812591552734
2015-08-31,919.7761840820312
2015-09-01,893.3130950927734
2015-09-02,908.7885589599609
2015-09-03,910.8852844238281
2015-09-04,894.9304809570312
2015-09-08,916.9354705810547
2015-09-09,905.3730926513672
2015-09-10,910.9146423339844
2015-09-11,918.1144866943359
2015-09-14,918.9029998779297
2015-09-15,931.8324737548828
2015-09-16,929.2862091064453
2015-09-17,909.8421630859375
2015-09-18,898.7624664306641
2015-09-21,905.5641632080078
2015-09-22,896.5035552978516
2015-09-23,891.2345275878906
2015-09-24,894.1896209716797
2015-09-25,895.6672973632812
2015-09-28,884.0567779541016
2015-09-29,874.5800476074219
2015-09-30,876.5548706054688
2015-10-01,866.7166595458984
2015-10-02,866.3335266113281
2015-10-05,885.0222015380859
2015-10-06,886.9273529052734
2015-10-07,891.5162658691406
2015-10-08,895.1150054931641
2015-10-09,898.8446655273438
2015-10-12,900.0812530517578
2015-10-13,901.3719787597656
2015-10-14,892.6605377197266
2015-10-15,906.3607635498047
2015-10-16,905.3203887939453
2015-10-19,906.5915832519531
2015-10-20,918.8153076171875
2015-10-21,912.839599609375
2015-10-22,932.1922149658203
2015-10-23,943.0205383300781
2015-10-26,939.1552429199219
2015-10-27,934.831787109375
2015-10-28,948.3870239257812
2015-10-29,949.4543762207031
2015-10-30,955.0817718505859
2015-11-02,956.6088714599609
2015-11-03,953.9965362548828
2015-11-04,948.08642578125
2015-11-05,947.9909362792969
2015-11-06,941.6658020019531
2015-11-09,933.2342071533203
2015-11-10,923.0682525634766
2015-11-11,925.2959747314453
2015-11-12,916.892822265625
2015-11-13,901.2330017089844
2015-11-16,917.3356475830078
2015-11-17,917.0562744140625
2015-11-18,928.4200592041016
2015-11-19,937.1338195800781
2015-11-20,932.2955627441406
2015-11-23,923.1570892333984
2015-11-24,928.3830871582031
2015-11-25,922.5776519775391
2015-11-27,927.0303802490234
2015-11-30,931.3860931396484
2015-12-01,931.6477661132812
2015-12-02,919.3398132324219
2015-12-03,911.6980438232422
2015-12-04,936.8124084472656
2015-12-07,940.9115753173828
2015-12-08,935.1756439208984
2015-12-09,925.0164947509766
2015-12-10,925.4069976806641
2015-12-11,912.0365295410156
2015-12-14,920.6180267333984
2015-12-15,918.5037841796875
2015-12-16,935.1260375976562
2015-12-17,924.3321533203125
2015-12-18,910.4089508056641
2015-12-21,918.1439666748047
2015-12-22,924.8567657470703
2015-12-23,936.9727783203125
2015-12-24,932.1373443603516
2015-12-28,930.5255737304688
2015-12-29,941.2892913818359
2015-12-30,931.7643890380859
2015-12-31,919.330810546875
2016-01-04,914.0102233886719
2016-01-05,919.0022277832031
2016-01-06,908.6974182128906
2016-01-07,896.8667907714844
2016-01-08,890.8277130126953
2016-01-11,897.8588256835938
2016-01-12,897.9653472900391
2016-01-13,880.8320770263672
2016-01-14,896.1990509033203
2016-01-15,884.7943725585938
2016-01-19,890.9075622558594
2016-01-20,884.0067138671875
2016-01-21,906.1110076904297
2016-01-22,934.1513366699219
2016-01-25,930.3293914794922
2016-01-26,950.7079315185547
2016-01-27,950.9304046630859
2016-01-28,951.8528289794922
2016-01-29,973.1005554199219
2016-02-01,983.9540405273438
2016-02-02,966.8569030761719
2016-02-03,981.5843811035156
2016-02-04,980.0013427734375
2016-02-05,983.7716522216797
2016-02-08,981.9633483886719
2016-02-09,972.5628814697266
2016-02-10,968.525634765625
2016-02-11,958.1023406982422
2016-02-12,970.0678405761719
2016-02-16,977.0603942871094
2016-02-17,981.083251953125
2016-02-18,987.4623107910156
2016-02-19,985.7836303710938
2016-02-22,990.6787414550781
2016-02-23,979.6224060058594
2016-02-24,985.2602844238281
2016-02-25,991.0903778076172
2016-02-26,989.9411010742188
2016-02-29,984.9295349121094
2016-03-01,1003.65771484375
2016-03-02,1014.5408020019531
2016-03-03,1012.2862091064453
2016-03-04,1013.8253021240234
2016-03-07,1018.0525817871094
2016-03-08,1020.4573974609375
2016-03-09,1018.7204742431641
2016-03-10,1018.4961242675781
2016-03-11,1023.8562469482422
2016-03-14,1024.498794555664
2016-03-15,1030.3936614990234
2016-03-16,1041.549057006836
2016-03-17,1047.8979187011719
2016-03-18,1041.9321899414062
2016-03-21,1045.087417602539
2016-03-22,1042.9441833496094
2016-03-23,1037.0857543945312
2016-03-24,1046.5453033447266
2016-03-28,1043.1134796142578
2016-03-29,1058.0603637695312
2016-03-30,1061.3992004394531
2016-03-31,1060.9734802246094
2016-04-01,1061.7227935791016
2016-04-04,1070.3314819335938
2016-04-05,1062.6576232910156
2016-04-06,1064.7166900634766
2016-04-07,1035.838363647461
2016-04-08,1038.9484252929688
2016-04-11,1030.4766998291016
2016-04-12,1038.5711822509766
2016-04-13,1030.9629364013672
2016-04-14,1032.1969909667969
2016-04-15,1027.8512115478516
2016-04-18,1029.5365600585938
2016-04-19,1034.089340209961
2016-04-20,1029.2063293457031
2016-04-21,999.4645538330078
2016-04-22,1007.2645568847656
2016-04-25,1009.5162506103516
2016-04-26,1003.0261993408203
2016-04-27,1010.9253845214844
2016-04-28,994.6184234619141
2016-04-29,991.3078765869141
2016-05-02,997.2159881591797
2016-05-03,989.8168792724609
2016-05-04,990.5413055419922
2016-05-05,989.8300933837891
2016-05-06,993.3473205566406
2016-05-09,992.8368835449219
2016-05-10,1001.3927764892578
2016-05-11,993.4353179931641
2016-05-12,994.5061340332031
2016-05-13,986.3431854248047
2016-05-16,997.2823638916016
2016-05-17,991.2602386474609
2016-05-18,985.0839538574219
2016-05-19,972.2218170166016
2016-05-20,974.6119232177734
2016-05-23,968.5372009277344
2016-05-24,978.3447418212891
2016-05-25,985.8940124511719
2016-05-26,992.3439331054688
2016-05-27,999.6086883544922
2016-05-31,1003.1820068359375
2016-06-01,993.0243225097656
2016-06-02,997.0920257568359
2016-06-03,999.8718719482422
2016-06-06,997.8329620361328
2016-06-07,1015.2601470947266
2016-06-08,1011.4031372070312
2016-06-09,1019.6280364990234
2016-06-10,1029.6398468017578
2016-06-13,1025.2476043701172
2016-06-14,1032.2078094482422
2016-06-15,1029.203384399414
2016-06-16,1039.9137420654297
2016-06-17,1040.8907775878906
2016-06-20,1040.1395111083984
2016-06-21,1047.108154296875
2016-06-22,1045.3116455078125
2016-06-23,1056.604736328125
2016-06-24,1047.702865600586
2016-06-27,1050.1290435791016
2016-06-28,1054.3128967285156
2016-06-29,1059.6777038574219
2016-06-30,1074.4325714111328
2016-07-01,1081.229751586914
2016-07-05,1084.3565826416016
2016-07-06,1090.145980834961
2016-07-07,1076.6581420898438
2016-07-08,1086.4667205810547
2016-07-11,1087.5140533447266
2016-07-12,1080.8860321044922
2016-07-13,1088.4419403076172
2016-07-14,1089.4434814453125
2016-07-15,1089.4247589111328
2016-07-18,1092.8479919433594
2016-07-19,1089.1969757080078
2016-07-20,1088.0695343017578
2016-07-21,1083.027587890625
2016-07-22,1093.4120025634766
2016-07-25,1087.215835571289
2016-07-26,1068.7908935546875
2016-07-27,1088.8055267333984
2016-07-28,1083.95556640625
2016-07-29,1092.6217041015625
2016-08-01,1081.3240814208984
2016-08-02,1070.2864227294922
2016-08-03,1071.117935180664
2016-08-04,1072.8271789550781
2016-08-05,1071.1590576171875
2016-08-08,1072.0238037109375
2016-08-09,1073.985595703125
2016-08-10,1074.8912811279297
2016-08-11,1075.5697326660156
2016-08-12,1072.6383056640625
2016-08-15,1074.4364166259766
2016-08-16,1060.4790954589844
2016-08-17,1066.8196716308594
2016-08-18,1061.6966094970703
2016-08-19,1055.4197387695312
2016-08-22,1055.4402465820312
2016-08-23,1057.3760070800781
2016-08-24,1054.2130279541016
2016-08-25,1056.9111938476562
2016-08-26,1044.710464477539
2016-08-29,1051.450210571289
2016-08-30,1046.1814727783203
2016-08-31,1047.3417053222656
2016-09-01,1052.2528381347656
2016-09-02,1059.3182220458984
2016-09-06,1069.4671478271484
2016-09-07,1073.9488067626953
2016-09-08,1066.8228912353516
2016-09-09,1033.491439819336
2016-09-12,1049.9874267578125
2016-09-13,1036.5678100585938
2016-09-14,1044.4035186767578
2016-09-15,1059.491439819336
2016-09-16,1056.6484832763672
2016-09-19,1043.1117858886719
2016-09-20,1044.2267456054688
2016-09-21,1053.9085083007812
2016-09-22,1063.6976470947266
2016-09-23,1063.5052795410156
2016-09-26,1057.1836242675781
2016-09-27,1063.086410522461
2016-09-28,1057.7391204833984
2016-09-29,1055.38037109375
2016-09-30,1054.7496032714844
2016-10-03,1052.1324310302734
2016-10-04,1042.9922180175781
2016-10-05,1036.3360595703125
2016-10-06,1037.7529296875
2016-10-07,1032.5023345947266
2016-10-10,1040.6705627441406
2016-10-11,1036.3895263671875
2016-10-12,1044.900131225586
2016-10-13,1044.0589141845703
2016-10-14,1045.118179321289
2016-10-17,1047.4251708984375
2016-10-18,1044.6531066894531
2016-10-19,1045.7968444824219
2016-10-20,1025.3679656982422
2016-10-21,1009.1016235351562
2016-10-24,1011.2413787841797
2016-10-25,1006.3085021972656
2016-10-26,997.8624267578125
2016-10-27,1010.6832733154297
2016-10-28,1003.8463134765625
2016-10-31,1001.7053833007812
2016-11-01,990.6391143798828
2016-11-02,979.0309143066406
2016-11-03,975.6334686279297
2016-11-04,977.2015686035156
2016-11-07,986.39697265625
2016-11-08,990.7390747070312
2016-11-09,993.8393707275391
2016-11-10,968.8258209228516
2016-11-11,970.0362701416016
2016-11-14,956.5364379882812
2016-11-15,978.6809844970703
2016-11-16,993.3029479980469
2016-11-17,991.7527618408203
2016-11-18,995.7289276123047
2016-11-21,1002.8197174072266
2016-11-22,1022.2849731445312
2016-11-23,1033.3307800292969
2016-11-25,1041.5987701416016
2016-11-28,1048.5554962158203
2016-11-29,1045.7259063720703
2016-11-30,1026.5811157226562
2016-12-01,1024.1417236328125
2016-12-02,1023.9340972900391
2016-12-05,1021.4568176269531
2016-12-06,1033.0400695800781
2016-12-07,1051.7938842773438
2016-12-08,1049.7596588134766
2016-12-09,1059.1188507080078
2016-12-12,1062.3129119873047
2016-12-13,1075.7179718017578
2016-12-14,1063.7577514648438
2016-12-15,1067.898422241211
2016-12-16,1075.7186889648438
2016-12-19,1087.4715423583984
2016-12-20,1091.4985046386719
2016-12-21,1089.248794555664
2016-12-22,1098.9335479736328
2016-12-23,1099.8600311279297
2016-12-27,1100.6043548583984
2016-12-28,1096.3817749023438
2016-12-29,1101.2402801513672
2016-12-30,1093.6210021972656
2017-01-03,1113.9055786132812
2017-01-04,1112.6767272949219
2017-01-05,1115.7587280273438
2017-01-06,1104.9373321533203
2017-01-09,1097.3756408691406
2017-01-10,1098.927230834961
2017-01-11,1095.1701049804688
2017-01-12,1097.8674011230469
2017-01-13,1095.317626953125
2017-01-17,1100.279525756836
2017-01-18,1092.1466369628906
2017-01-19,1093.5708465576172
2017-01-20,1099.9481811523438
2017-01-23,1094.96630859375
2017-01-24,1056.8382720947266
2017-01-25,1054.6549835205078
2017-01-26,1044.0052337646484
2017-01-27,1051.9723663330078
2017-01-30,1047.5587005615234
2017-01-31,1041.067886352539
2017-02-01,1044.7972412109375
2017-02-02,1042.5596618652344
2017-02-03,1048.5677795410156
2017-02-06,1041.7486419677734
2017-02-07,1044.2596130371094
2017-02-08,1050.6885528564453
2017-02-09,1059.7790832519531
2017-02-10,1062.0242462158203
2017-02-13,1057.1263275146484
2017-02-14,1055.7760467529297
2017-02-15,1053.560791015625
2017-02-16,1059.5491333007812
2017-02-17,1072.3400268554688
2017-02-21,1078.175796508789
2017-02-22,1082.9285736083984
2017-02-23,1092.4245910644531
2017-02-24,1097.4737396240234
2017-02-27,1087.057632446289
2017-02-28,1082.0384063720703
2017-03-01,1090.3377838134766
2017-03-02,1091.576171875
2017-03-03,1094.9549713134766
2017-03-06,1093.1259155273438
2017-03-07,1083.6980895996094
2017-03-08,1078.0738983154297
2017-03-09,1079.4529418945312
2017-03-10,1081.4857482910156
2017-03-13,1083.5868835449219
2017-03-14,1081.366470336914
2017-03-15,1097.0747833251953
2017-03-16,1095.8558959960938
2017-03-17,1100.321762084961
2017-03-20,1100.6304168701172
2017-03-21,1096.2281036376953
2017-03-22,1091.7780456542969
2017-03-23,1089.6691436767578
2017-03-24,1089.7996368408203
2017-03-27,1081.313720703125
2017-03-28,1089.5098876953125
2017-03-29,1087.3026885986328
2017-03-30,1085.7826843261719
2017-03-31,1080.1364135742188
2017-04-03,1087.3326873779297
2017-04-04,1091.5179290771484
2017-04-05,1085.2912292480469
2017-04-06,1084.4062042236328
2017-04-07,1087.6524963378906
2017-04-10,1085.3188171386719
2017-04-11,1085.0747528076172
2017-04-12,1089.0838470458984
2017-04-13,1082.6322937011719
2017-04-17,1087.2975311279297
2017-04-18,1092.9710998535156
2017-04-19,1087.2914733886719
2017-04-20,1081.7538146972656
2017-04-21,1061.9932861328125
2017-04-24,1061.244155883789
2017-04-25,1057.0700225830078
2017-04-26,1066.5147857666016
2017-04-27,1055.1617431640625
2017-04-28,1042.1608428955078
2017-05-01,1047.2239532470703
2017-05-02,1049.4930572509766
2017-05-03,1052.6599426269531
2017-05-04,1047.1290130615234
2017-05-05,1065.3173828125
2017-05-08,1072.005386352539
2017-05-09,1070.3480224609375
2017-05-10,1068.291015625
2017-05-11,1064.7764587402344
2017-05-12,1065.8611755371094
2017-05-15,1057.390151977539
2017-05-16,1055.7787017822266
2017-05-17,1031.9139709472656
2017-05-18,1045.6657409667969
2017-05-19,1053.0247802734375
2017-05-22,1055.80419921875
2017-05-23,1055.4417724609375
2017-05-24,1047.1916198730469
2017-05-25,1052.7268524169922
2017-05-26,1052.3983306884766
2017-05-30,1067.258529663086
2017-05-31,1072.8955841064453
2017-06-01,1071.518325805664
2017-06-02,1074.6752319335938
2017-06-05,1070.6029357910156
2017-06-06,1072.7677917480469
2017-06-07,1075.5280151367188
2017-06-08,1069.6086730957031
2017-06-09,1067.0264129638672
2017-06-12,1068.1114501953125
2017-06-13,1058.1109008789062
2017-06-14,1059.2372436523438
2017-06-15,1056.740005493164
2017-06-16,1052.7197723388672
2017-06-19,1059.4774017333984
2017-06-20,1046.3840942382812
2017-06-21,1039.1432037353516
2017-06-22,1038.8529357910156
2017-06-23,1039.5901336669922
2017-06-26,1044.745346069336
2017-06-27,1025.5101165771484
2017-06-28,1029.5156707763672
2017-06-29,1018.2095794677734
2017-06-30,1023.0472259521484
2017-07-03,1027.7525329589844
2017-07-05,1023.0132293701172
2017-07-06,1011.0482177734375
2017-07-07,1013.1348266601562
2017-07-10,1010.0600128173828
2017-07-11,1005.6940002441406
2017-07-12,1011.6966400146484
2017-07-13,1020.1522827148438
2017-07-14,1023.7629241943359
2017-07-17,1026.4523620605469
2017-07-18,1022.3511962890625
2017-07-19,1025.6722106933594
2017-07-20,1037.4468841552734
2017-07-21,1037.4830932617188
2017-07-24,1032.1268463134766
2017-07-25,1037.9503173828125
2017-07-26,1046.4535827636719
2017-07-27,1098.8114318847656
2017-07-28,1098.9964141845703
2017-07-31,1105.3367614746094
2017-08-01,1116.1729125976562
2017-08-02,1118.152328491211
2017-08-03,1121.9481811523438
2017-08-04,1128.6051635742188
2017-08-07,1132.3724212646484
2017-08-08,1130.380859375
2017-08-09,1125.799072265625
2017-08-10,1112.6187591552734
2017-08-11,1117.434097290039
2017-08-14,1134.1951293945312
2017-08-15,1132.4533233642578
2017-08-16,1130.0204620361328
2017-08-17,1115.2756042480469
2017-08-18,1111.1910095214844
2017-08-21,1118.275131225586
2017-08-22,1126.7612915039062
2017-08-23,1125.9559020996094
2017-08-24,1125.105972290039
2017-08-25,1132.5166931152344
2017-08-28,1134.4111328125
2017-08-29,1135.4710693359375
2017-08-30,1129.69287109375
2017-08-31,1128.3912200927734
2017-09-01,1127.6381072998047
2017-09-05,1114.3590393066406
2017-09-06,1106.3940124511719
2017-09-07,1093.0962829589844
2017-09-08,1086.5324249267578
2017-09-11,1095.2534942626953
2017-09-12,1102.3465270996094
2017-09-13,1107.8385314941406
2017-09-14,1104.0267181396484
2017-09-15,1118.6344909667969
2017-09-18,1120.221939086914
2017-09-19,1141.5570831298828
2017-09-20,1138.840072631836
2017-09-21,1124.5412292480469
2017-09-22,1137.96630859375
2017-09-25,1135.4003601074219
2017-09-26,1133.7391052246094
2017-09-27,1135.8263244628906
2017-09-28,1132.309585571289
2017-09-29,1135.2761993408203
2017-10-02,1132.475570678711
2017-10-03,1142.0769653320312
2017-10-04,1141.0109558105469
2017-10-05,1142.4613037109375
2017-10-06,1135.9323272705078
2017-10-09,1141.0895385742188
2017-10-10,1142.7505798339844
2017-10-11,1139.1851806640625
2017-10-12,1129.3700256347656
2017-10-13,1122.8476867675781
2017-10-16,1132.3329162597656
2017-10-17,1138.7884826660156
2017-10-18,1141.7239379882812
2017-10-19,1144.1065368652344
2017-10-20,1150.12109375
2017-10-23,1140.6908111572266
2017-10-24,1141.61279296875
2017-10-25,1135.1374206542969
2017-10-26,1141.3471221923828
2017-10-27,1151.803466796875
2017-10-30,1140.9639587402344
2017-10-31,1146.0935363769531
2017-11-01,1141.2894287109375
2017-11-02,1137.2690734863281
2017-11-03,1144.9881591796875
2017-11-06,1115.8689727783203
2017-11-07,1117.6286315917969
2017-11-08,1118.4771118164062
2017-11-09,1111.0877227783203
2017-11-10,1106.7088317871094
2017-11-13,1103.1300659179688
2017-11-14,1088.9705352783203
2017-11-15,1082.7375946044922
2017-11-16,1097.9583282470703
2017-11-17,1107.2994689941406
2017-11-20,1120.373291015625
2017-11-21,1126.1023406982422
2017-11-22,1145.405517578125
2017-11-24,1143.878646850586
2017-11-27,1153.3544464111328
2017-11-28,1171.3229217529297
2017-11-29,1182.9781341552734
2017-11-30,1204.540786743164
2017-12-01,1209.188247680664
2017-12-04,1214.860595703125
2017-12-05,1200.8090515136719
2017-12-06,1195.4752502441406
2017-12-07,1191.604263305664
2017-12-08,1203.2108459472656
2017-12-11,1222.4375762939453
2017-12-12,1243.766372680664
2017-12-13,1239.7079162597656
2017-12-14,1230.1627349853516
2017-12-15,1239.195053100586
2017-12-18,1253.8679962158203
2017-12-19,1243.0394744873047
2017-12-20,1241.6433715820312
2017-12-21,1247.0349731445312
2017-12-22,1250.1273956298828
2017-12-26,1242.1102142333984
2017-12-27,1243.1986999511719
2017-12-28,1246.6980285644531
2017-12-29,1234.552719116211
2018-01-02,1250.6834716796875
2018-01-03,1231.7281951904297
2018-01-04,1236.1862030029297
2018-01-05,1237.9104766845703
2018-01-08,1235.1151275634766
2018-01-09,1231.7753448486328
2018-01-10,1233.0884094238281
2018-01-11,1242.2887878417969
2018-01-12,1241.4231719970703
2018-01-16,1236.2185363769531
2018-01-17,1242.8534851074219
2018-01-18,1240.20703125
2018-01-19,1244.925033569336
2018-01-22,1269.0514526367188
2018-01-23,1265.131607055664
2018-01-24,1276.9143829345703
2018-01-25,1272.1538543701172
2018-01-26,1280.3941802978516
2018-01-29,1263.320297241211
2018-01-30,1257.4211883544922
2018-01-31,1261.25927734375
2018-02-01,1265.928237915039
2018-02-02,1229.001953125
2018-02-05,1178.204330444336
2018-02-06,1196.506576538086
2018-02-07,1192.927230834961
2018-02-08,1150.2607421875
2018-02-09,1168.503173828125
2018-02-12,1184.6558837890625
2018-02-13,1187.2799224853516
2018-02-14,1183.2225799560547
2018-02-15,1198.063217163086
2018-02-16,1204.1065673828125
2018-02-20,1181.6153564453125
2018-02-21,1163.4298400878906
2018-02-22,1164.6251983642578
2018-02-23,1177.7117614746094
2018-02-26,1198.3080596923828
2018-02-27,1178.9444732666016
2018-02-28,1173.210678100586
2018-03-01,1171.0131225585938
2018-03-02,1178.560562133789
2018-03-05,1187.5567321777344
2018-03-06,1190.395034790039
2018-03-07,1186.3614807128906
2018-03-08,1193.0007934570312
2018-03-09,1198.8667907714844
2018-03-12,1198.5754089355469
2018-03-13,1192.5923156738281
2018-03-14,1186.1649017333984
2018-03-15,1183.7899169921875
2018-03-16,1187.2657928466797
2018-03-19,1177.6734161376953
2018-03-20,1166.7847290039062
2018-03-21,1152.0003204345703
2018-03-22,1140.3804473876953
2018-03-23,1122.5841217041016
2018-03-26,1151.2460174560547
2018-03-27,1146.8678131103516
2018-03-28,1155.268081665039
2018-03-29,1154.64892578125
2018-04-02,1141.0584716796875
2018-04-03,1150.2656555175781
2018-04-04,1163.9505310058594
2018-04-05,1171.6332397460938
2018-04-06,1149.8989715576172
2018-04-09,1153.6491088867188
2018-04-10,1183.5760650634766
2018-04-11,1169.873046875
2018-04-12,1175.9683532714844
2018-04-13,1175.6993408203125
2018-04-16,1190.6463623046875
2018-04-17,1203.4093322753906
2018-04-18,1198.5907287597656
2018-04-19,1185.5228576660156
2018-04-20,1162.536392211914
2018-04-23,1174.981704711914
2018-04-24,1188.3138122558594
2018-04-25,1197.2493133544922
2018-04-26,1192.367202758789
2018-04-27,1220.5466003417969
2018-04-30,1187.1603546142578
2018-05-01,1185.2450408935547
2018-05-02,1180.8332977294922
2018-05-03,1183.0341796875
2018-05-04,1202.5836029052734
2018-05-07,1197.0567169189453
2018-05-08,1186.2820129394531
2018-05-09,1177.5494995117188
2018-05-10,1197.1480255126953
2018-05-11,1220.7371215820312
2018-05-14,1217.5976104736328
2018-05-15,1201.9693908691406
2018-05-16,1206.5714569091797
2018-05-17,1204.0904388427734
2018-05-18,1200.8377685546875
2018-05-21,1215.5348815917969
2018-05-22,1221.3101959228516
2018-05-23,1219.7638549804688
2018-05-24,1220.2369232177734
2018-05-25,1218.9586181640625
2018-05-29,1212.0109100341797
2018-05-30,1218.2738342285156
2018-05-31,1200.69091796875
2018-06-01,1209.6820678710938
2018-06-04,1212.9378814697266
2018-06-05,1218.4437561035156
2018-06-06,1227.4829711914062
2018-06-07,1237.032241821289
2018-06-08,1236.6141815185547
2018-06-11,1237.8151397705078
2018-06-12,1231.2277374267578
2018-06-13,1203.3593292236328
2018-06-14,1210.9427337646484
2018-06-15,1211.3686218261719
2018-06-18,1200.6183776855469
2018-06-19,1213.0083618164062
2018-06-20,1207.3638000488281
2018-06-21,1214.8503723144531
2018-06-22,1233.6856536865234
2018-06-25,1225.5438995361328
2018-06-26,1224.6432342529297
2018-06-27,1224.296157836914
2018-06-28,1254.1629028320312
2018-06-29,1243.7308502197266
2018-07-02,1249.6756744384766
2018-07-03,1248.2872619628906
2018-07-05,1261.358642578125
2018-07-06,1269.8558349609375
2018-07-09,1272.2415618896484
2018-07-10,1282.4751892089844
2018-07-11,1277.6907043457031
2018-07-12,1282.0124969482422
2018-07-13,1285.6193084716797
2018-07-16,1288.0093994140625
2018-07-17,1286.2078247070312
2018-07-18,1279.012222290039
2018-07-19,1274.9378967285156
2018-07-20,1271.7716827392578
2018-07-23,1274.4148254394531
2018-07-24,1290.6338653564453
2018-07-25,1283.4803924560547
2018-07-26,1287.1043853759766
2018-07-27,1295.6202392578125
2018-07-30,1302.0906677246094
2018-07-31,1287.6984252929688
2018-08-01,1311.0142822265625
2018-08-02,1326.873046875
2018-08-03,1333.196762084961
2018-08-06,1339.0263977050781
2018-08-07,1334.8739013671875
2018-08-08,1339.4166870117188
2018-08-09,1348.0913543701172
2018-08-10,1337.2752838134766
2018-08-13,1335.430435180664
2018-08-14,1348.709716796875
2018-08-15,1356.24755859375
2018-08-16,1380.5667419433594
2018-08-17,1398.1026153564453
2018-08-20,1391.4898071289062
2018-08-21,1395.3008270263672
2018-08-22,1381.6157684326172
2018-08-23,1384.9628143310547
2018-08-24,1395.164321899414
2018-08-27,1399.8702697753906
2018-08-28,1399.7316589355469
2018-08-29,1404.6835174560547
2018-08-30,1411.8721923828125
2018-08-31,1410.162612915039
2018-09-04,1390.5798034667969
2018-09-05,1398.8963470458984
2018-09-06,1399.9334259033203
2018-09-07,1391.272964477539
2018-09-10,1387.635513305664
2018-09-11,1409.0445098876953
2018-09-12,1408.0902099609375
2018-09-13,1417.9362335205078
2018-09-14,1405.9993286132812
2018-09-17,1397.083755493164
2018-09-18,1392.26611328125
2018-09-19,1376.6785583496094
2018-09-20,1387.9143829345703
2018-09-21,1391.6725616455078
2018-09-24,1382.0945434570312
2018-09-25,1376.0946044921875
2018-09-26,1374.2560272216797
2018-09-27,1391.0705871582031
2018-09-28,1389.046615600586
2018-10-01,1400.0106201171875
2018-10-02,1414.2598114013672
2018-10-03,1417.3695220947266
2018-10-04,1422.4314727783203
2018-10-05,1413.8153533935547
2018-10-08,1414.2285614013672
2018-10-09,1430.5658111572266
2018-10-10,1398.2590789794922
2018-10-11,1376.5508117675781
2018-10-12,1398.6387786865234
2018-10-15,1387.0661926269531
2018-10-16,1398.1767578125
2018-10-17,1400.9894409179688
2018-10-18,1403.3566436767578
2018-10-19,1414.250717163086
2018-10-22,1418.2950286865234
2018-10-23,1462.4680480957031
2018-10-24,1451.3961334228516
2018-10-25,1442.736083984375
2018-10-26,1419.376968383789
2018-10-29,1428.9407653808594
2018-10-30,1461.5934295654297
2018-10-31,1452.7859954833984
2018-11-01,1440.6021118164062
2018-11-02,1422.387451171875
2018-11-05,1421.3755187988281
2018-11-06,1425.6130981445312
2018-11-07,1445.5439910888672
2018-11-08,1455.2772979736328
2018-11-09,1450.8548736572266
2018-11-12,1435.442367553711
2018-11-13,1430.5784301757812
2018-11-14,1425.0253601074219
2018-11-15,1436.5371551513672
2018-11-16,1461.0071868896484
2018-11-19,1453.4243469238281
2018-11-20,1415.228012084961
2018-11-21,1409.439453125
2018-11-23,1391.3235626220703
2018-11-26,1405.4059600830078
2018-11-27,1431.2979431152344
2018-11-28,1433.7498168945312
2018-11-29,1420.0611877441406
2018-11-30,1433.4651947021484
2018-12-03,1407.1267395019531
2018-12-04,1390.008773803711
2018-12-06,1385.9861145019531
2018-12-07,1366.6355438232422
2018-12-10,1379.4180755615234
2018-12-11,1387.9633026123047
2018-12-12,1360.0873107910156
2018-12-13,1360.816665649414
2018-12-14,1349.9669799804688
2018-12-17,1326.6282196044922
2018-12-18,1325.384292602539
2018-12-19,1319.0591430664062
2018-12-20,1296.923324584961
2018-12-21,1282.3252258300781
2018-12-24,1241.066390991211
2018-12-26,1286.2494049072266
2018-12-27,1297.0366821289062
2018-12-28,1299.352066040039
2018-12-31,1319.3931427001953
2019-01-02,1316.1450500488281
2019-01-03,1289.0611419677734
2019-01-04,1303.4208526611328
2019-01-07,1309.25537109375
2019-01-08,1344.6286163330078
2019-01-09,1336.402847290039
2019-01-10,1347.3594512939453
2019-01-11,1352.0511474609375
2019-01-14,1347.7660827636719
2019-01-15,1355.0269927978516
2019-01-16,1340.1279296875
2019-01-17,1337.3765563964844
2019-01-18,1343.9766998291016
2019-01-22,1335.2924041748047
2019-01-23,1350.5027618408203
2019-01-24,1335.5767669677734
2019-01-25,1333.2640228271484
2019-01-28,1306.2323760986328
2019-01-29,1270.5244140625
2019-01-30,1304.2341918945312
2019-01-31,1325.8297729492188
2019-02-01,1316.7123107910156
2019-02-04,1316.6651000976562
2019-02-05,1324.1988220214844
2019-02-06,1317.9516143798828
2019-02-07,1307.514389038086
2019-02-08,1314.8157806396484
2019-02-11,1314.7142944335938
2019-02-12,1324.3022918701172
2019-02-13,1324.0023651123047
2019-02-14,1317.0345153808594
2019-02-15,1336.8370666503906
2019-02-19,1342.9276885986328
2019-02-20,1350.901123046875
2019-02-21,1356.0924072265625
2019-02-22,1373.8349609375
2019-02-25,1373.7576751708984
2019-02-26,1371.4079132080078
2019-02-27,1373.9205017089844
2019-02-28,1374.1875610351562
2019-03-01,1378.4803314208984
2019-03-04,1367.112319946289
2019-03-05,1363.5761108398438
2019-03-06,1354.3241119384766
2019-03-07,1361.640609741211
2019-03-08,1366.6260833740234
2019-03-11,1397.4527435302734
2019-03-12,1398.6627960205078
2019-03-13,1404.4121398925781
2019-03-14,1413.6422119140625
2019-03-15,1426.3249053955078
2019-03-18,1424.2284851074219
2019-03-19,1410.9451141357422
2019-03-20,1417.2293090820312
2019-03-21,1442.0787200927734
2019-03-22,1460.893798828125
2019-03-25,1462.187240600586
2019-03-26,1468.3679809570312
2019-03-27,1476.2048797607422
2019-03-28,1443.9647216796875
2019-03-29,1447.2834930419922
2019-04-01,1449.0832061767578
2019-04-02,1444.3465728759766
2019-04-03,1453.1343841552734
2019-04-04,1455.9823150634766
2019-04-05,1460.3668365478516
2019-04-08,1467.1671295166016
2019-04-09,1463.6585388183594
2019-04-10,1469.7106018066406
2019-04-11,1465.520492553711
2019-04-12,1468.6705322265625
2019-04-15,1468.8245391845703
2019-04-16,1470.3335571289062
2019-04-17,1459.3798522949219
2019-04-18,1465.5863189697266
2019-04-22,1472.9611053466797
2019-04-23,1456.3280487060547
2019-04-24,1454.415298461914
2019-04-25,1428.136474609375
2019-04-26,1439.6272430419922
2019-04-29,1445.0109252929688
2019-04-30,1443.7221374511719
2019-05-01,1450.7098388671875
2019-05-02,1456.6602172851562
2019-05-03,1466.3462371826172
2019-05-06,1453.8780212402344
2019-05-07,1437.7248229980469
2019-05-08,1433.210464477539
2019-05-09,1430.7770385742188
2019-05-10,1433.2291564941406
2019-05-13,1407.7535095214844
2019-05-14,1409.8609771728516
2019-05-15,1419.0816650390625
2019-05-16,1427.9011535644531
2019-05-17,1438.820297241211
2019-05-20,1444.0992889404297
2019-05-21,1460.0032196044922
2019-05-22,1447.8985443115234
2019-05-23,1434.7820892333984
2019-05-24,1441.6918640136719
2019-05-28,1429.3980102539062
2019-05-29,1417.6227111816406
2019-05-30,1394.6316528320312
2019-05-31,1342.720687866211
2019-06-03,1376.532241821289
2019-06-04,1386.0606536865234
2019-06-05,1406.6436767578125
2019-06-06,1421.2830657958984
2019-06-07,1425.4668731689453
2019-06-10,1410.221420288086
2019-06-11,1427.098876953125
2019-06-12,1435.6160888671875
2019-06-13,1440.3136749267578
2019-06-14,1449.66552734375
2019-06-17,1439.986099243164
2019-06-18,1443.4423828125
2019-06-19,1447.8128509521484
2019-06-20,1445.6122436523438
2019-06-21,1452.1742401123047
2019-06-24,1460.966293334961
2019-06-25,1450.086929321289
2019-06-26,1439.8511047363281
2019-06-27,1444.5093536376953
2019-06-28,1438.7259216308594
2019-07-01,1437.2300872802734
2019-07-02,1466.5553894042969
2019-07-03,1469.8591613769531
2019-07-05,1472.8119201660156
2019-07-08,1456.8172607421875
2019-07-09,1442.9358825683594
2019-07-10,1457.8019256591797
2019-07-11,1453.4064636230469
2019-07-12,1461.4666595458984
2019-07-15,1472.4628601074219
2019-07-16,1467.910659790039
2019-07-17,1462.1220703125
2019-07-18,1466.4790802001953
2019-07-19,1448.9321746826172
2019-07-22,1437.8023376464844
2019-07-23,1440.6168518066406
2019-07-24,1449.3788604736328
2019-07-25,1453.3741302490234
2019-07-26,1468.1560363769531
2019-07-29,1477.3546447753906
2019-07-30,1461.8474731445312
2019-07-31,1444.9776763916016
2019-08-01,1435.7264862060547
2019-08-02,1433.1803131103516
2019-08-05,1405.3092041015625
2019-08-06,1409.3506469726562
2019-08-07,1414.1050109863281
2019-08-08,1436.2896728515625
2019-08-09,1432.2506103515625
2019-08-12,1429.5731811523438
2019-08-13,1458.955810546875
2019-08-14,1434.6110076904297
2019-08-15,1443.3843994140625
2019-08-16,1459.2781066894531
2019-08-19,1473.3752899169922
2019-08-20,1459.8432922363281
2019-08-21,1470.2844696044922
2019-08-22,1473.4562225341797
2019-08-23,1438.1065673828125
2019-08-26,1460.3721313476562
2019-08-27,1464.4978332519531
2019-08-28,1481.496337890625
2019-08-29,1488.180191040039
2019-08-30,1491.7313232421875
2019-09-03,1483.5026397705078
2019-09-04,1492.9908447265625
2019-09-05,1508.6757202148438
2019-09-06,1517.3613586425781
2019-09-09,1511.7319946289062
2019-09-10,1536.2183532714844
2019-09-11,1557.6161651611328
2019-09-12,1562.1982421875
2019-09-13,1544.9061279296875
2019-09-16,1538.6367645263672
2019-09-17,1547.0845489501953
2019-09-18,1552.2844848632812
2019-09-19,1549.639877319336
2019-09-20,1549.0186462402344
2019-09-23,1549.4877624511719
2019-09-24,1553.0040130615234
2019-09-25,1555.1616668701172
2019-09-26,1556.067123413086
2019-09-27,1551.3561248779297
2019-09-30,1562.6359558105469
2019-10-01,1554.3921813964844
2019-10-02,1525.8284454345703
2019-10-03,1531.3563079833984
2019-10-04,1560.0973663330078
2019-10-07,1566.6935119628906
2019-10-08,1551.6037902832031
2019-10-09,1558.9524688720703
2019-10-10,1576.4347076416016
2019-10-11,1590.3912048339844
2019-10-14,1583.5301971435547
2019-10-15,1600.2637023925781
2019-10-16,1593.5116119384766
2019-10-17,1597.5588836669922
2019-10-18,1611.7941131591797
2019-10-21,1614.260269165039
2019-10-22,1613.5496978759766
2019-10-23,1621.9692687988281
2019-10-24,1617.1317138671875
2019-10-25,1619.114761352539
2019-10-28,1620.4266204833984
2019-10-29,1609.2439270019531
2019-10-30,1621.0018615722656
2019-10-31,1625.293701171875
2019-11-01,1637.3544464111328
2019-11-04,1631.2920379638672
2019-11-05,1623.6216125488281
2019-11-06,1635.6558380126953
2019-11-07,1649.0191497802734
2019-11-08,1628.2912902832031
2019-11-11,1637.2469024658203
2019-11-12,1631.3320922851562
2019-11-13,1637.989990234375
2019-11-14,1633.0538024902344
2019-11-15,1642.4197540283203
2019-11-18,1643.7598724365234
2019-11-19,1643.2814636230469
2019-11-20,1636.7686309814453
2019-11-21,1636.8707427978516
2019-11-22,1639.0413513183594
2019-11-25,1641.188949584961
2019-11-26,1646.6369171142578
2019-11-27,1657.6047058105469
2019-11-29,1659.0623931884766
2019-12-02,1647.6926879882812
2019-12-03,1641.7433319091797
2019-12-04,1653.5926971435547
2019-12-05,1666.6352233886719
2019-12-06,1683.7322692871094
2019-12-09,1672.8521881103516
2019-12-10,1680.0673217773438
2019-12-11,1681.7877655029297
2019-12-12,1684.8421173095703
2019-12-13,1685.3953552246094
2019-12-16,1702.5988159179688
2019-12-17,1708.5646057128906
2019-12-18,1695.421142578125
2019-12-19,1694.8498840332031
2019-12-20,1717.523208618164
2019-12-23,1713.9844360351562
2019-12-24,1712.2680053710938
2019-12-26,1723.622573852539
2019-12-27,1727.9061889648438
2019-12-30,1725.3093566894531
2019-12-31,1733.0906372070312
2020-01-02,1739.791000366211
2020-01-03,1721.8175506591797
2020-01-06,1724.0715637207031
2020-01-07,1708.7125701904297
2020-01-08,1720.2794036865234
2020-01-09,1728.3868255615234
2020-01-10,1732.4261016845703
2020-01-13,1748.5853729248047
2020-01-14,1738.0265045166016
2020-01-15,1736.510513305664
2020-01-16,1755.0349731445312
2020-01-17,1770.663070678711
2020-01-21,1769.9873657226562
2020-01-22,1775.2570495605469
2020-01-23,1778.8548278808594
2020-01-24,1772.674301147461
2020-01-27,1747.1299285888672
2020-01-28,1779.40673828125
2020-01-29,1770.3988952636719
2020-01-30,1766.2466125488281
2020-01-31,1739.3310852050781
2020-02-03,1711.304458618164
2020-02-04,1736.0283813476562
2020-02-05,1757.096176147461
2020-02-06,1770.4158020019531
2020-02-07,1771.1396789550781
2020-02-10,1779.8420867919922
2020-02-11,1746.6157989501953
2020-02-12,1752.9610595703125
2020-02-13,1756.2968292236328
2020-02-14,1753.8022155761719
2020-02-18,1730.6223602294922
2020-02-19,1745.6665496826172
2020-02-20,1736.6138610839844
2020-02-21,1724.3101043701172
2020-02-24,1690.8189239501953
2020-02-25,1654.2855987548828
2020-02-26,1663.7345428466797
2020-02-27,1586.3478546142578
2020-02-28,1568.9732360839844
2020-03-02,1679.37109375
2020-03-03,1629.834228515625
2020-03-04,1702.3325653076172
2020-03-05,1664.6493835449219
2020-03-06,1651.4329376220703
2020-03-09,1586.3543701171875
2020-03-10,1637.476547241211
2020-03-11,1585.7795867919922
2020-03-12,1463.0009155273438
2020-03-13,1578.311782836914
2020-03-16,1447.0735473632812
2020-03-17,1531.1314697265625
2020-03-18,1519.036148071289
2020-03-19,1502.0186309814453
2020-03-20,1436.6844635009766
2020-03-23,1398.7804565429688
2020-03-24,1437.3893585205078
2020-03-25,1433.742691040039
2020-03-26,1527.6123352050781
2020-03-27,1491.7836456298828
2020-03-30,1543.719497680664
2020-03-31,1522.9771270751953
2020-04-01,1481.071533203125
2020-04-02,1533.2085571289062
2020-04-03,1515.799087524414
2020-04-06,1595.4997100830078
2020-04-07,1594.7731170654297
2020-04-08,1623.4918365478516
2020-04-09,1632.1871337890625
2020-04-13,1627.8760070800781
2020-04-14,1683.4232025146484
2020-04-15,1655.0446166992188
2020-04-16,1673.5139770507812
2020-04-17,1681.1186218261719
2020-04-20,1663.1475372314453
2020-04-21,1621.064453125
2020-04-22,1658.818374633789
2020-04-23,1649.0323333740234
2020-04-24,1671.303207397461
2020-04-27,1669.4014434814453
2020-04-28,1660.6752166748047
2020-04-29,1684.3897399902344
2020-04-30,1683.6016693115234
2020-05-01,1662.3376922607422
2020-05-04,1659.1527252197266
2020-05-05,1673.0570678710938
2020-05-06,1662.4839782714844
2020-05-07,1667.5067901611328
2020-05-08,1709.056396484375
2020-05-11,1707.2737579345703
2020-05-12,1682.1029968261719
2020-05-13,1662.9353790283203
2020-05-14,1667.8458557128906
2020-05-15,1660.3728942871094
2020-05-18,1694.1480712890625
2020-05-19,1664.8571319580078
2020-05-20,1674.6773376464844
2020-05-21,1664.3858642578125
2020-05-22,1670.9357299804688
2020-05-26,1670.4685821533203
2020-05-27,1689.3059692382812
2020-05-28,1700.6951293945312
2020-05-29,1731.8774871826172
2020-06-01,1709.0085144042969
2020-06-02,1723.8502960205078
2020-06-03,1735.6296844482422
2020-06-04,1737.5287322998047
2020-06-05,1765.7580261230469
2020-06-08,1776.3629302978516
2020-06-09,1792.9115447998047
2020-06-10,1814.1626739501953
2020-06-11,1749.802490234375
2020-06-12,1757.1057891845703
2020-06-15,1758.1646728515625
2020-06-16,1791.0038604736328
2020-06-17,1784.8566436767578
2020-06-18,1789.732666015625
2020-06-19,1771.7488708496094
2020-06-22,1780.3790740966797
2020-06-23,1781.8298645019531
2020-06-24,1749.6071472167969
2020-06-25,1765.8238525390625
2020-06-26,1722.0612030029297
2020-06-29,1767.5885009765625
2020-06-30,1782.0270080566406
2020-07-01,1771.8420867919922
2020-07-02,1774.1408233642578
2020-07-06,1802.1436309814453
2020-07-07,1796.00390625
2020-07-08,1819.7901763916016
2020-07-09,1807.0724792480469
2020-07-10,1819.0599670410156
2020-07-13,1814.7627716064453
2020-07-14,1846.517105102539
2020-07-15,1844.4692687988281
2020-07-16,1848.8447265625
2020-07-17,1857.3655700683594
2020-07-20,1865.1946258544922
2020-07-21,1853.8078918457031
2020-07-22,1854.2335052490234
2020-07-23,1820.9279327392578
2020-07-24,1838.4683837890625
2020-07-27,1856.3279876708984
2020-07-28,1855.7469482421875
2020-07-29,1869.3941497802734
2020-07-30,1875.6424102783203
2020-07-31,1959.2860107421875
2020-08-03,1975.94970703125
2020-08-04,1994.7193450927734
2020-08-05,1990.7159729003906
2020-08-06,2026.8998718261719
2020-08-07,2019.8462219238281
2020-08-10,2041.6355285644531
2020-08-11,2005.6033325195312
2020-08-12,2036.3334197998047
2020-08-13,2050.7322845458984
2020-08-14,2055.145217895508
2020-08-17,2052.5591735839844
2020-08-18,2067.923141479492
2020-08-19,2066.5611572265625
2020-08-20,2085.291748046875
2020-08-21,2134.476348876953
2020-08-24,2157.5733795166016
2020-08-25,2146.4342651367188
2020-08-26,2160.745559692383
2020-08-27,2148.1033325195312
2020-08-28,2143.195297241211
2020-08-31,2177.1403045654297
2020-09-01,2215.997329711914
2020-09-02,2220.367446899414
2020-09-03,2138.0274200439453
2020-09-04,2136.1471099853516
2020-09-08,2061.1632690429688
2020-09-09,2098.5972900390625
2020-09-10,2058.1763458251953
2020-09-11,2051.331253051758
2020-09-14,2088.391616821289
2020-09-15,2095.251007080078
2020-09-16,2063.6031494140625
2020-09-17,2053.590866088867
2020-09-18,2021.0316467285156
2020-09-21,2032.5337219238281
2020-09-22,2050.3971099853516
2020-09-23,1995.369888305664
2020-09-24,2009.5655212402344
2020-09-25,2045.815414428711
2020-09-28,2066.605514526367
2020-09-29,2057.3433685302734
2020-09-30,2075.9020233154297
2020-10-01,2082.941925048828
2020-10-02,2048.8108978271484
2020-10-05,2084.697280883789
2020-10-06,2054.188919067383
2020-10-07,2072.405242919922
2020-10-08,2075.6001586914062
2020-10-09,2094.2896270751953
2020-10-12,2157.8457946777344
2020-10-13,2127.810775756836
2020-10-14,2110.3214569091797
2020-10-15,2101.207733154297
2020-10-16,2085.57763671875
2020-10-19,2046.652587890625
2020-10-20,2057.874481201172
2020-10-21,2042.9822387695312
2020-10-22,2045.4059448242188
2020-10-23,2052.0779571533203
2020-10-26,2049.2210998535156
2020-10-27,2053.1629943847656
2020-10-28,1989.1536865234375
2020-10-29,2030.8177032470703
2020-10-30,1983.8065338134766
2020-11-02,1996.9889526367188
2020-11-03,2011.2848815917969
2020-11-04,2036.8729400634766
2020-11-05,2087.615188598633
2020-11-06,2093.976303100586
2020-11-09,2100.691131591797
2020-11-10,2122.563018798828
2020-11-11,2148.7232360839844
2020-11-12,2142.375274658203
2020-11-13,2148.0606384277344
2020-11-16,2153.040008544922
2020-11-17,2143.030059814453
2020-11-18,2123.7479400634766
2020-11-19,2126.4671325683594
2020-11-20,2112.754440307617
2020-11-23,2088.5957946777344
2020-11-24,2107.1668548583984
2020-11-25,2109.5338134765625
2020-11-27,2117.335250854492
2020-11-30,2133.6577758789062
2020-12-01,2166.3021697998047
2020-12-02,2184.4483032226562
2020-12-03,2190.769515991211
2020-12-04,2181.5379486083984
2020-12-07,2189.604446411133
2020-12-08,2196.594696044922
2020-12-09,2176.0215606689453
2020-12-10,2169.0853729248047
2020-12-11,2159.322982788086
2020-12-14,2147.0467987060547
2020-12-15,2206.93310546875
2020-12-16,2193.8443603515625
2020-12-17,2202.9115142822266
2020-12-18,2195.425735473633
2020-12-21,2188.976837158203
2020-12-22,2208.3445892333984
2020-12-23,2200.408203125
2020-12-24,2206.126754760742
2020-12-28,2246.5713500976562
2020-12-29,2228.7049255371094
2020-12-30,2206.401580810547
2020-12-31,2210.1162109375
2021-01-04,2185.8731842041016
2021-01-05,2193.3680725097656
2021-01-06,2172.0408477783203
2021-01-07,2203.937271118164
2021-01-08,2198.5191802978516
2021-01-11,2167.2681884765625
2021-01-12,2161.8729553222656
2021-01-13,2174.6106567382812
2021-01-14,2158.3985595703125
2021-01-15,2150.987258911133
2021-01-19,2149.969192504883
2021-01-20,2187.674346923828
2021-01-21,2226.5344848632812
2021-01-22,2248.0657806396484
2021-01-25,2297.6174926757812
2021-01-26,2262.928466796875
2021-01-27,2225.648178100586
2021-01-28,2190.696334838867
2021-01-29,2137.4495849609375
2021-02-01,2145.5635986328125
2021-02-02,2156.7066955566406
2021-02-03,2154.0574645996094
2021-02-04,2188.5416870117188
2021-02-05,2188.703369140625
2021-02-08,2184.5608825683594
2021-02-09,2176.3715057373047
2021-02-10,2170.6199951171875
2021-02-11,2161.416702270508
2021-02-12,2155.4218139648438
2021-02-16,2136.9924926757812
2021-02-17,2174.387893676758
2021-02-18,2165.1500701904297
2021-02-19,2155.942840576172
2021-02-22,2124.982879638672
2021-02-23,2135.339324951172
2021-02-24,2133.0401611328125
2021-02-25,2085.8921661376953
2021-02-26,2064.3076171875
2021-03-01,2117.734893798828
2021-03-02,2088.855758666992
2021-03-03,2072.2906036376953
2021-03-04,2045.3740844726562
2021-03-05,2079.4385986328125
2021-03-08,2054.5904846191406
2021-03-09,2080.7560272216797
2021-03-10,2089.288803100586
2021-03-11,2074.0628662109375
2021-03-12,2068.9974365234375
2021-03-15,2092.875259399414
2021-03-16,2105.5152740478516
2021-03-17,2101.211883544922
2021-03-18,2078.45263671875
2021-03-19,2072.747589111328
2021-03-22,2106.873031616211
2021-03-23,2106.4049072265625
2021-03-24,2088.7835540771484
2021-03-25,2100.1048736572266
2021-03-26,2120.894515991211
2021-03-29,2135.1962280273438
2021-03-30,2118.5272521972656
2021-03-31,2127.8209686279297
2021-04-01,2137.5890197753906
2021-04-05,2172.067642211914
2021-04-06,2179.2965393066406
2021-04-07,2190.6399688720703
2021-04-08,2194.8799743652344
2021-04-09,2213.800033569336
2021-04-12,2200.7200622558594
2021-04-13,2227.8399200439453
2021-04-14,2210.240005493164
2021-04-15,2230.000015258789
2021-04-16,2238.8800048828125
2021-04-19,2246.5199584960938
2021-04-20,2232.6799926757812
2021-04-21,2230.7999877929688
2021-04-22,2201.1199951171875
2021-04-23,2220.560043334961
2021-04-26,2216.5599822998047
2021-04-27,2201.519989013672
2021-04-28,2197.240020751953
2021-04-29,2214.239959716797
2021-04-30,2207.4800720214844
